Order ID,Order Date,Delivery Date,Customer Name,Customer Type,Customer Age,Region,County,City,Branch,Sales Rep,Lead Source,Car Make,Car Model,Vehicle Type,Vehicle Year,Fuel Type,Transmission,Color,Units Sold,Unit Selling Price,Unit Cost,Discount,Delivery Fee,Logistics Cost,Payment Method,Payment Status,Delivery Status,Customer Rating,Review Count,Returned,Revenue Recorded
LC1000,8/29/2025,8/30/2025,Joy Wanjiku,N.G.O,54,Nyanza,Kisumu,Kisumu,Kisumu,Mary Wanjiku,Walk-In,Toyota,Prado Tx,SUV,2016,petrol,manual,black,3,8136000,6986000,7 %,39000,56000,CASH,paid,at the yard,4.5,2,NO,22738440
LCL1001,1/19/2026,null,Carol Maina,Corporate,46,Western,Kakamega,Kakamega,Kakamega,Mary WanjiKu,Facebook,Toyota,Prado Tx,SUV,2016,diesel,automatic,pearl,3,6708000,5566000,10%,162000,213000,ASSET FINANCING,completed,held,4.5,17,Not Provided,9140000
LCL1002,3/26/2025,4/6/2025,Naomi Muthoni,Individual,46,Rift Valley,Nakuru,Nakuru,Nakuru,DaniEl Kimani,Facebook,Mitsubishi,Outlander,SUV,2018,petrol,automatic,green,1,3326000,2562000,10%,51000,82000,CASH,paid,delayed,4.4,36,YES,3044400
LCL1003,2/15/2026,null,Carol Ochieng,Government,42,Western,Kakamega,Kakamega,Kakamega,Samuel Mutua,Website,Toyota,Fielder,WAGON,2018,petrol,automatic,red,1,1840000,1661000,3%,88000,118000,CHEQUE,pending,in-transit,2.5,null,NO,1872800
ORD1004,3/17/2026,3/20/2026,Samuel Mutua,Individual,64,Nairobi,Nairobi,Nairobi,Nairobi,Grace Njeri,Whatsapp,Mitsubishi,Pajero,SUV,2023,hybrid/petrol,automatic,blue,1,4783000,4203000,2%,75000,null,CASH,paid,done,4.4,42,NO,4762340
LC1005,1/17/2025,2/10/2025,Carol Mwangi,Company,27,Western,Kakamega,Kakamega,Kakamega,Samuel Mutua,Phone Call,Isuzu,D-Max,PICKUP,2023,petrol,automatic,green,3,4200000,3456000,5%,112000,148000,CASH,pending,delivered,4.5,1,YES,12073450
LC1006,10/20/2025,10/27/2025,James Muthoni,Government,48,Central,Kiambu,Thika,Thika,Faith Achieng,Instagram,Nissan,Juke,CROSSOVER,2026,petrol,automatic,pearl,1,2166000,1847000,0%,80000,100000,ASSET FINANCING,pending,delivered,2.5,10,Not Provided,2244000
LCL1007,null,1/19/2025,Kevin Maina,Car Dealer,44,Western,Kakamega,Kakamega,Kakamega,Aisha Mohamed,Whatsapp,Volkswagen,Golf,HATCHBACK,2026,petrol,manual,pearl,2,2084000,1736000,12%,20000,42000,RTGS,cancelled,cancelled,null,18,NO,1627199
ORD1008,2/21/2025,5/10/2025,Winnie Kiptoo,N.G.O,22,Central,Kiambu,Thika,Thika,FaiTh Achieng,Facebook,Mercedes Benz,E250,SALOON,2020,diesel,manual,green,2,6770000,5980000,7%,174000,207000,CASH,partially paid,delayed,3.8,17,NO,12766200
ORD1009,4/9/2025,null,Mercy Wanjiku,Corporate,45,Rift Valley,Uasin Gishu,Eldoret,Eldoret,Kevin Mwangi,Tender,Honda,Vezel,CROSSOVER,null,hybrid,automatic,black,1,2920000,2588000,7%,140000,188000,M-PESA,completed,cancelled,null,1,NO,null
ORD1010,null,5/1/2026,Daniel Wafula,Corporate,38,Westernen,Kakamega,Kakamega,Kakamega,Samuel Mutua,Tender,BMW,320I,SEDAN,2026,diesel,automatic,silver,1,3942000,3297000,7 %,29000,75000,ASSET FINANCING,paid,delivered,3.5,null,YES,3695059
LCL1011,6/2/2025,null,Grace Mutua,Government,30,Nairobi,Nairobi,Nairobi,Nairobi,Kevin Mwangi,Facebook,Toyota,Corolla,SEDAN,2026,petrol,manual,pearl,1,1932000,1648000,10%,114000,120000,CHEQUE,paid,completed,3.5,9,YES,1814160
LC1012,10/11/2025,null,Samuel Nyambura,Retail,53,Eastern,Machakos,Athi River,Athi River,Brian Otieno,Walk-In,Toyota,Harrier,SUV,null,petrol,automatic,pearl,2,4721000,3990000,3%,103000,null,CHEQUE,pending,delivered,3.9,19,NO,9261740
LCL1013,5/14/2026,null,Brian Mwangi,Car Dealer,47,Rift Valley,Uasin Gishu,Eldoret,Eldoret,Grace Njeri,Walk-In,BMW,X5,SUV,2021,diesel,automatic,white,3,10695000,9240000,5%,43000,42000,BANK TRANSFER,cancelled,cancelled,4.2,9,YES,0
LCL1014,4/21/2025,5/19/2025,Brian Kimani,Government,60,Western,Kakamega,Kakamega,Kakamega,Grace Njeri,Tender,Subaru,XV,CROSSOVER,2023,petrol,automatic,red,4,2637000,null,5 %,0,37000,M-PESA,completed,at the yard,5,22,NO,10079600
ORD1015,null,null,James Kariuki,N.G.O,68,Nyanza,Kisumu,Kisumu,Kisumu,Grace,Walk-In,Honda,Vezel,CROSSOVER,2024,petrol,automatic,white,1,2745000,2428000,null,null,142000,BANK,paid,delivered,3.8,6,YES,1231625
CAR1016,null,2/23/2026,Brian Ochieng,Car Dealer,61,Rift Valley,Nakuru,Nakuru,Nakuru,Mercy Atieno,Tender,Subaru,Forester,SUV,2018,petrol,automatic,black,3,3220000,2480000,0.15,17000,30000,CHEQUE,paid,done,4,9,NO,8228000
LCL1017,2/12/2025,2/15/2025,Kevin Mwangi,Individual,63,Rift Valley,Nakuru,Nakuru,Nakuru,KeviN Mwangi,Walk-In,Toyota,LC200,SUV,2023,petrol,automatic,green,1,13290000,10535000,12%,0,null,M-PESA,pending,in-transit,3.5,29,NO,11794600
Not Provided,null,null,Daniel Mugambi,Government,53,Western,Kakamega,Kakamega,Kakamega,Grace  Njeri,Walk-In,Toyota,Hilux,PICKUP,2019,petrol,automatic,blue,null,5980000,4660000,3 %,35000,34000,ASSET FINANCING,completed,delivered,4.5,41,YES,5835600
LCL1019,null,null,Brian Njeri,Government,58,Nyanza,Kisumu,Kisumu,Kisumu,KeviN Mwangi,Referral,Isuzu,N-Series,TRUCK,2015,petrol,manual,blue,2,5980000,4954000,null,17000,31000,ASSET FINANCING,pending,delivered,3,0,NO,10183000
ORD1020,null,null,Peter Mohamed,Government,46,Coast,Mombasa,Mombasa,Mombasa,Peter Kiptoo,Facebook,Toyota,Prado Tx,SUV,null,petrol,automatic,pearl,1,6472000,5411000,0.15,93000,127000,BANK TRANSFER,partially paid,in-transit,2.2,11,NO,11188400
ORD1021,null,1/23/2025,Carol Kariuki,Car Dealer,55,Central,Kiambu,Thika,Thika,Mercy Atieno,Walk-In,Mercedes Benz,Gle,SUV,2020,petrol,automatic,green,1,12472000,10456000,5%,66000,86000,CASH,partially paid,delivered,2,37,NO,11914400
LCL1022,3/8/2025,8/28/2025,Joy Kariuki,Not Provided,24,Western,Kakamega,Kakamega,Kakamega,Faith Achieng,Whatsapp,Honda,Fit,Not Provided,2026,diesel,automatic,black,2,null,978000,3%,39000,42000,M-PESA,paid,Not Provided,null,22,YES,1213570
LC1023,4/11/2026,null,Hassan Maina,Government,42,Nairobi,Nairobi,Westlands,Nairobi,Brian Otieno,Website,Toyota,Corolla,SEDAN,2021,diesel,manual,white,1,1946000,1663000,0,120000,190000,ASSET FINANCING,refunded,at the yard,3.7,24,YES,0
LCL1024,2/23/2026,null,Hassan Kariuki,N.G.O,54,Coast,Mombasa,Mombasa,Mombasa,Kevin  Mwangi,Phone Call,Volkswagen,Tiguan,SUV,2025,petrol,automatic,pearl,1,5036000,4380000,0.1,25000,55000,BANK TRANSFER,completed,on the way,3.2,25,NO,4557400
CAR1025,4/16/2025,4/5/2025,Mary Kimani,Government,55,Central,Kiambu,Thika,Thika,DaniEl Kimani,Referral,Toyota,Prado Tx,SUV,2023,petrol,automatic,green,1,8127000,6600000,0.02,43000,65000,M-PESA,paid,in-transit,3.1,34,YES,8007460
CAR1026,10/17/2025,null,Not Provided,Corporate,null,Central,Kiambu,Thika,Thika,Faith Achieng,Phone Call,Toyota,Land Cruiser,SUV,2022,petrol,automatic,green,2,13695000,12337000,15%,86000,137000,M-PESA,paid,delivered,3.5,36,YES,23367500
ORD1027,null,null,Brian Kimani,Government,38,Central,Kiambu,Thika,Thika,Aisha Mohamed,Facebook,Toyota,Prado Tx,SUV,2020,hybrid,automatic,green,1,7937000,6868000,12%,119000,133000,BANK TRANSFER,paid,delivered,3.5,39,YES,7103560
CAR1028,1/6/2026,null,Kevin Nyambura,Corporate,121,Nyanza,Kisumu,Kisumu,Kisumu,Mercy Atieno,Whatsapp,Subaru,Impreza,SEDAN,2020,petrol,manual,black,1,1871000,1538000,50%,25000,52000,ASSET FINANCING,paid,completed,5,3,YES,480250
ORD1029,5/27/2026,6/6/2026,Not Provided,Government,50,Western,Kakamega,Kakamega,Kakamega,Brian Otieno,Website,Honda,Fit,HATCHBACK,2020,petrol,automatic,blue,7,1242000,1010000,null,155000,210000,CASH,partially paid,delivered,3.7,44,YES,8588180
ORD1030,1/12/2026,null,Linda Wafula,Government,36,Coast,Mombasa,Mombasa,Mombasa,Brian Otieno,Website,Subaru,Outback,WAGON,2020,petrol,automatic,silver,1,3931000,null,12%,50000,null,M-PESA,completed,cancelled,4,10,NO,3512280
LCL1031,1/26/2026,1/28/2026,James Kiptoo,Government,25,Rift Valley,Uasin Gishu,Eldoret,Eldoret,Mercy,Whatsapp,Honda,Fit,HATCHBACK,2026,petrol,automatic,green,3,1441000,1246000,5,29000,36000,M-PESA,paid,delivered,4.3,8,NO,4135850
Not Provided,7/10/2025,null,Kevin Chebet,Individual,43,Mombasa,Mombasa,Mombasa,Mombasa,Samuel Mutua,Whatsapp,Mazda,Axela,SEDAN,2023,diesel,automatic,silver,1,1917000,1735000,3%,35000,77000,LOAN,cancelled,cancelled,null,19,NO,1894490
ORD1033,null,null,Mercy Chebet,N.G.O,32,Eastern,Machakos,Athi River,Athi River,Samuel Mutua,Tender,Mitsubishi,Canter,TRUCK,2024,petrol,automatic,black,1,3649000,3229000,10%,154000,142000,M-PESA,completed,in-transit,5,2,NO,3438100
ORD1034,6/29/2025,7/25/2025,Daniel Kiptoo,N.G.O,46,Nyanza,Kisumu,Kisumu,Kisumu,Mary Wanjiku,Website,Toyota,Land Cruiser,SUV,2019,diesel,manual,green,3,7374000,5896000,10%,111000,108000,M-PESA,pending,delivered,4,22,NO,18914700
CAR1035,null,4/15/2025,Grace Kimani,N.G.O,56,Eastern,Machakos,Athi River,Athi River,Mary Wanjiku,Whatsapp,Toyota,Harrier,SUV,2020,diesel,automatic,green,3,4993000,3872000,7%,89000,141000,M-PESA,partially paid,delivered,4.5,41,NO,14020000
LCL1036,null,null,Faith Otieno,Individual,53,Central,Kiambu,Thika,Thika,Aisha Mohamed,Whatsapp,Nissan,X-Trail,SUV,2026,petrol,automatic,red,1,3604000,null,15%,104000,89000,CASH,pending,delivered,2.1,1,NO,3167400
ORD1020,null,1/15/2026,Mercy Mugambi,Government,50,Nyanza,Kisumu,Kisumu,Kisumu,Samuel  Mutua,Whatsapp,Subaru,Outback,WAGON,2020,hybrid,automatic,silver,1,4199000,3467000,0%,68000,73000,M-PESA,partially paid,delivered,4.7,24,YES,4267000
ORD1038,4/11/2025,null,Kevin Kimani,Government,68,Western,Kakamega,Kakamega,Kakamega,Mercy Atieno,Walk-In,Subaru,XV,CROSSOVER,2026,petrol,automatic,pearl,1,null,2388000,3 %,146000,129000,BANK TRANSFER,cancelled,cancelled,2.3,40,NO,0
CAR1039,4/5/2026,null,James Wafula,N.G.O,28,Central,Kiambu,Thika,Thika,Peter Kiptoo,Instagram,Subaru,Forester,SUV,2020,hybrid,automatic,pearl,1,3586000,2977000,12%,106000,84000,CASH,paid,delivered,3.3,33,Not Provided,611199
ORD1040,null,null,Grace Kariuki,N.G.O,25,Coast,Mombasa,Mombasa,Mombasa,Peter,Tender,Mazda,Demio,HATCHBACK,2015,petrol,automatic,green,1,1210000,961000,10%,84000,68000,ASSET FINANCING,paid,in-transit,2.7,14,YES,1173000
ORD1041,1/7/2025,1/27/2025,Victor Kiptoo,N.G.O,42,Rift Valley,Uasin Gishu,Eldoret,Eldoret,Aisha Mohamed,Phone Call,Mazda,Demio,HATCHBACK,2025,petrol,automatic,blue,3,1050000,917000,0%,157000,122000,ASSET FINANCING,partially paid,completed,4.9,35,NO,2965500
LC1042,3/11/2025,null,Brian Ochieng,Corporate,null,Eastern,Machakos,Athi River,Athi River,Daniel Kimani,Walk-In,Toyota,Harrier,SUV,2026,diesel,automatic,silver,2,4225000,null,7%,118000,130000,CASH,paid,in-transit,4.5,5,YES,7976499
ORD1043,10/18/2025,null,Daniel Otieno,N.G.O,27,Central,Kiambu,Thika,Thika,Grace Njeri,Tender,Mazda,CX5,SUV,2016,diesel,manual,blue,1,3746000,3299000,2%,31000,59000,CASH,pending,done,2.1,24,NO,3702080
CAR1044,null,6/9/2025,Faith Achieng,Retail,36,Rift Valley,Nakuru,Nakuru,Nakuru,Faith  Achieng,Facebook,Mitsubishi,Pajero,SUV,2021,diesel,automatic,green,2,4529000,3848000,2%,50000,34000,BANK TRANSFER,partially paid,delivered,4.4,38,YES,8926840
LC1045,null,null,Hassan Maina,Individual,48,Nairobi,Nairobi,Nairobi,Nairobi,Peter  Kiptoo,Referral,Toyota,Prado Tx,SUV,2020,petrol,manual,red,1,6760000,5654000,0%,70000,86000,CHEQUE,paid,done,2.5,29,YES,6830000
Not Provided,5/16/2025,6/7/2025,Faith Mwangi,N.G.O,35,Coast,Mombasa,Mombasa,Mombasa,Mary Wanjiku,Tender,Mazda,Demio,HATCHBACK,2018,diesel,automatic,silver,4,1252000,1112000,7 %,141000,131000,BANK TRANSFER,paid,delivered,null,9,NO,4798440
ORD1047,null,4/26/2026,Mercy Mohamed,Individual,54,Nyanza,Kisumu,Kisumu,Kisumu,Faith Achieng,Tender,Subaru,Impreza,SEDAN,2021,petrol,automatic,silver,1,2177000,1699000,15 %,64000,74000,ASSET FINANCING,completed,in-transit,2.2,42,NO,1914450
LCL1048,11/26/2025,12/5/2025,Brian Ochieng,Corporate,59,Nairobi,Nairobi,Nairobi,Nairobi,Mercy Atieno,Website,Mazda,Atenza,SEDAN,2025,petrol,manual,white,2,2142000,1948000,null,615000,124000,CASH,completed,at the yard,4.4,6,YES,3550200
CAR1049,9/9/2025,null,Mercy Ochieng,Government,59,Western,Kakamega,Kakamega,Kakamega,Grace Njeri,Website,Nissan,Navara,PICKUP,2017,petrol,manual,black,1,4654000,4089000,5%,134000,184000,CHEQUE,refunded,completed,4.5,2,NO,0
LC1050,3/6/2025,null,Daniel Kimani,Individual,40,Coast,Mombasa,Mombasa,Mombasa,Peter KiPtoo,Facebook,Toyota,Harrier,SUV,2025,petrol,manual,black,1,4823000,4086000,null,152000,136000,ASSET FINANCING,completed,delivered,2.8,23,NO,4733850
CAR1051,null,5/20/2026,Hassan Kimani,Car Dealer,35,Central,Kiambu,Thika,Thika,Brian Otieno,Facebook,Toyota,Harrier,SUV,2016,petrol,automatic,silver,1,4994000,4186000,5%,70000,89000,M-PESA,pending,in-transit,3.5,12,YES,4814300
ORD1052,6/21/2025,null,Peter Kiptoo,Government,23,Mombasa,Mombasa,Mombasa,Mombasa,Mary  Wanjiku,Instagram,Honda,Vezel,CROSSOVER,2021,hybrid,automatic,green,1,null,2,0.1,40000,37000,CHEQUE,paid,delivered,2.5,22,NO,2559500
ORD1053,2/6/2026,null,James Muthoni,Individual,64,Eastern,Machakos,Athi River,Athi River,Aisha Mohamed,Walk-In,Mitsubishi,Canter,TRUCK,2023,petrol,manual,white,null,null,3,0.12,71000,101000,BANK TRANSFER,paid,delivered,5,34,YES,9230000
LCL1054,12/11/2025,null,Joseph Mugambi,N.G.O,57,Nyanza,Kisumu,Kisumu,Kisumu,Mercy Atieno,Walk-In,Volkswagen,Tiguan,SUV,2019,petrol,automatic,white,1,4093000,3477000,12%,138000,104000,M-PESA,cancelled,cancelled,2.1,34,NO,0
CAR1055,8/15/2025,8/27/2025,Winnie Wanjiku,Car Dealer,57,Coast,Mombasa,Mombasa,Mombasa,Peter Kiptoo,Instagram,Subaru,Forester,SUV,2021,petrol,automatic,green,1,3889000,3176000,15,143000,139000,CHEQUE,paid,delivered,3.3,null,Not Provided,3448650
LCL1056,1/25/2025,2/6/2025,Daniel Achieng,Retail,63,Western,Kakamega,Kakamega,Kakamega,Faith Achieng,Whatsapp,Honda,Fit,HATCHBACK,2026,petrol,manual,silver,1,1337000,1123000,10%,36000,78000,CHEQUE,pending,delivered,2.5,23,YES,1332890
CAR1057,null,2/13/2025,Daniel Achieng,Car Dealer,44,Western,Kakamega,Kakamega,Kakamega,Faith Achieng,Instagram,Honda,Fit,HATCHBACK,2023,petrol,manual,red,0,1424000,1219000,0%,149000,171000,CASH,paid,delivered,4.7,18,NO,5845000
CAR1058,null,1/14/2026,Joseph Wanjiku,Individual,55,Nyanza,Kisumu,Kisumu,Kisumu,Mercy  Atieno,Tender,Isuzu,D-Max,PICKUP,2026,hybrid,automatic,black,1,4220000,3756000,2%,105000,124000,CASH,paid,delayed,4.2,37,NO,4240600
LCL1059,null,null,Peter Kimani,N.G.O,53,Western,Kakamega,Kakamega,Kakamega,Daniel Kimani,Whatsapp,Mazda,Demio,HATCHBACK,2017,diesel,automatic,white,3,1200000,921000,3%,90000,153000,ASSET FINANCING,partially paid,delivered,5,32,NO,3582000
ORD1060,null,null,Mary Mwangi,Car Dealer,33,Eastern,Machakos,Athi River,Athiriver,Faith Achieng,Tender,Nissan,X-Trail,SUV,2022,petrol,automatic,white,2,3524000,3117000,null,32000,62000,BANK TRANSFER,paid,delayed,3.5,24,NO,7080000
LCL1061,3/15/2025,null,James Kiptoo,Government,55,Eastern,Machakos,Athi River,Athi River,Peter  Kiptoo,Instagram,Mercedes Benz,Gle,SUV,null,petrol,manual,silver,1,11837000,10733000,0%,41000,60000,M-PESA,pending,at the yard,2.5,6,NO,11878000
ORD1062,2/27/2025,null,Not Provided,Car Dealer,32,Eastern,Machakos,Athi River,Athi River,Faith,Phone Call,Volkswagen,Golf,HATCHBACK,2016,diesel,manual,black,1,1944000,0,15%,104000,143000,CASH,paid,delivered,4.1,14,NO,1932040
ORD1063,1/3/2025,null,Naomi Ochieng,Individual,56,Eastern,Machakos,Athi River,Athi River,Samuel Mutua,Phone Call,Mitsubishi,Pajero,SUV,2025,petrol,automatic,green,1,5509000,4827000,3%,172000,169000,M-PESA,completed,delivered,4.3,21,YES,6070000
LCL1064,null,8/26/2025,Naomi Mwangi,Government,40,Rift Valley,Nakuru,Nakuru,Nakuru,Grace,Facebook,Toyota,Harrier,SUV,2018,diesel,automatic,blue,1,4536000,3584000,7%,23000,50000,M-PESA,completed,delivered,4.7,29,YES,4241480
LCL1065,2/15/2026,null,Daniel Achieng,Car Dealer,56,Nyanza,Kisumu,Kisumu,Kisumu,Daniel  Kimani,Tender,Honda,CR-V,SUV,2023,petrol,automatic,pearl,4,4227000,3650000,0.12,35000,23000,M-PESA,cancelled,cancelled,4.8,34,NO,0
ORD1066,3/4/2026,null,Faith Achieng,Government,23,Western,Kakamega,Kakamega,Kakamega,Daniel Kimani,Phone Call,Toyota,Fielder,WAGON,2026,diesel,manual,white,1,1965000,1712000,0%,121000,120000,LOAN,pending,delivered,3.5,42,NO,2086000
LC1067,null,null,Daniel Kimani,Individual,29,Central,Kiambu,Thika,Thika,Mercy  Atieno,Walk-In,Toyota,Corolla Altis,SEDAN,2020,petrol,automatic,silver,1,1890000,1523000,5 %,null,140000,BANK TRANSFER,pending,delayed,4.7,8,NO,1916500
ORD1068,11/7/2025,11/11/2025,Mary Maina,Government,31,Rift Valley,Uasin Gishu,Eldoret,Eldoret,Aisha  Mohamed,Facebook,Nissan,Juke,CROSSOVER,2018,diesel,automatic,pearl,1,1837000,1619000,7%,40000,0,CASH,paid,delivered,2.4,39,NO,1748410
ORD1069,2/21/2026,null,Winnie Mohamed,Car Dealer,28,Western,Kakamega,Kakamega,Kakamega,Kevin Mwangi,Facebook,Subaru,Outback,WAGON,2019,diesel,automatic,red,2,4059000,3300000,12 %,33000,83000,ASSET FINANCING,completed,delayed,4.8,23,YES,7176840
CAR1070,null,7/23/2025,Aisha Mugambi,Government,23,Rift Valley,Uasin Gishu,Eldoret,Eldoret,Daniel Kimani,Instagram,Volkswagen,Golf,HATCHBACK,2021,petrol,automatic,blue,4,1970000,null,0.12,80000,111000,CHEQUE,paid,delivered,4.7,9,NO,7014400
LCL1071,null,null,Mercy Achieng,Individual,22,Nyanza,Kisumu,Kisumu,Kisumu,Daniel,Website,Toyota,Harrier,SUV,2018,petrol,automatic,green,2,4665000,3928000,10,74000,102000,ASSET FINANCING,cancelled,cancelled,1,29,NO,5205500
ORD1072,7/8/2025,7/11/2025,Hassan Omondi,Corporate,35,Rift Valley,Nakuru,Nakuru,Nakuru,Grace Njeri,Facebook,Subaru,Forester,SUV,2018,hybrid,automatic,white,1,3760000,3012000,2 %,132000,null,BANK,pending,in-transit,4.7,null,YES,3816800
LC1073,null,11/8/2025,Joy Kariuki,Government,47,Central,Kiambu,Thika,Thika,Brian Otieno,Instagram,Mazda,CX5,SUV,2025,petrol,automatic,white,2,3667000,null,0.12,109000,155000,ASSET FINANCING,partially paid,completed,2.5,4,YES,6562920
LCL1074,8/10/2025,null,Aisha Chebet,Car Dealer,63,Western,Kakamega,Kakamega,Kakamega,Mary WanjiKu,Facebook,Mitsubishi,Pajero,SUV,2018,hybrid,automatic,blue,2,4801000,3814000,5%,16000,42000,CHEQUE,paid,delivered,3.9,35,NO,9137900
LCL1075,null,null,Samuel Njeri,Car Dealer,49,Western,Kakamega,Kakamega,Kakamega,Mercy Atieno,Instagram,BMW,X5,SUV,2023,diesel,manual,pearl,1,9573000,7362000,2%,155000,230000,CHEQUE,paid,at the yard,3.3,26,NO,19073080
CAR1076,11/30/2025,null,Samuel Kimani,Car Dealer,25,Nyanza,Kisumu,Kisumu,Kisumu,Daniel Kimani,Facebook,Subaru,XV,CROSSOVER,2019,petrol,automatic,red,1,2283000,1841000,null,136000,204000,BANK,paid,at the yard,4.4,26,NO,4381400
LCL1077,11/25/2025,null,James Otieno,Car Dealer,38,Central,Kiambu,Thika,Thika,Aisha Mohamed,Referral,Toyota,Corolla,Not Provided,Not Provided,petrol,automatic,Not Provided,null,1778000,1447000,0%,22000,null,ASSET FINANCING,paid,cancelled,4.8,10,NO,5360000
ORD1078,11/3/2026,null,Naomi Chebet,Government,58,Western,Kakamega,Kakamega,Kakamega,Mercy Atieno,Referral,Mercedes Benz,C200,SEDAN,2021,petrol,automatic,blue,1,4549000,4065000,10%,121000,null,M-PESA,partially paid,delayed,4.5,10,NO,4215100
ORD1079,null,null,John Muthoni,Government,46,Rift Valley,Nakuru,Nakuru,Nakuru,Kevin  Mwangi,Tender,BMW,320I,SALOON,2019,hybrid,automatic,green,1,4301000,3311000,7,86000,120000,ASSET FINANCING,paid,completed,4,29,YES,4085929
LCL1080,3/28/2025,null,Linda Mugambi,Corporate,37,Coast,Mombasa,Mombasa,Mombasa,Peter Kiptoo,Website,Honda,Vezel,CROSSOVER,2021,petrol,automatic,blue,1,2489000,1910000,10,120000,110000,CASH,paid,at the yard,2.8,38,NO,2355100
LC1081,null,null,Linda Mutua,Car Dealer,null,Coast,Mombasa,Mombasa,Mombasa,Brian Otieno,Facebook,Subaru,Outback,WAGON,2021,diesel,automatic,black,1,3505000,2967000,7%,78000,129000,CHEQUE,completed,delivered,4.4,31,YES,3337650
LCL1082,2/4/2026,null,Mary Otieno,N.G.O,52,Mt Kenya,Kiambu,Thika,Thika,Brian Otieno,Phone Call,Mitsubishi,Outlander,SUV,2021,diesel,automatic,white,5,3336000,3031000,15%,156000,209000,BANK TRANSFER,pending,delivered,3.4,11,NO,14334000
Not Provided,null,null,Faith Mohamed,Government,47,Rift Valley,Uasin Gishu,Eldoret,Eldoret,Mercy Atieno,Facebook,Mercedes Benz,C200,SEDAN,2018,petrol,automatic,pearl,1,4798000,4154000,0%,167000,244000,CASH,paid,completed,4,26,NO,4965000
CAR1084,null,4/1/2025,Aisha Achieng,Government,29,Central,Kiambu,Thika,Thika,Samuel Mutua,Phone Call,Toyota,Hiace,VAN,2019,petrol,automatic,blue,null,4332000,3484000,50%,62000,71000,CHEQUE,paid,delivered,3.5,23,NO,2230000
Not Provided,null,4/9/2026,Winnie Wafula,N.G.O,24,Westernen,Kakamega,Kakamega,Kakamega,Faith Achieng,Website,Toyota,Prado Tx,SUV,2015,petrol,automatic,pearl,2,6959000,5484000,0.12,72000,91000,ASSET FINANCING,partially paid,delivered,null,null,NO,12319840
CAR1086,1/31/2026,2/11/2026,Mary Achieng,Corporate,27,Rift Valley,Nakuru,Nakuru,Nakuru,Grace Njeri,Phone Call,Nissan,Note,HATCHBACK,2016,petrol,automatic,blue,5,1375000,1203000,5%,null,89000,BANK TRANSFER,paid,in-transit,2.5,41,YES,6595250
CAR1087,null,null,Faith Otieno,Individual,58,Rift Valley,Uasin Gishu,Eldoret,Eldoret,Mercy,Phone Call,Mitsubishi,Outlander,SUV,2019,petrol,manual,black,1,3433000,3046000,null,70000,96000,BANK TRANSFER,paid,done,2.5,24,Not Provided,3434340
LC1088,1/31/2026,null,Joy Wafula,Car Dealer,38,Coast,Mombasa,Mombasa,Mombasa,Mary WanjiKu,Instagram,Isuzu,D-Max,PICKUP,2018,diesel,automatic,white,1,null,3415000,null,39000,70000,M-PESA,paid,at the yard,3.9,6,YES,4362290
ORD1089,1/10/2026,null,Kevin Ochieng,Car Dealer,45,Western,Kakamega,Kakamega,Kakamega,Grace Njeri,Tender,Isuzu,N-Series,TRUCK,2020,diesel,automatic,pearl,3,5144000,4188000,7%,97000,113000,CHEQUE,cancelled,cancelled,3.2,12,NO,0
ORD1090,6/5/2026,null,Samuel Kiptoo,Car Dealer,25,Coast,Mombasa,Nyali,Mombasa,Peter Kiptoo,Referral,Mercedes Benz,C200,SALOON,2032,petrol,automatic,green,1,5159000,4663000,15,73000,78000,CASH,completed,delivered,2.3,43,NO,4458150
LC1091,null,12/12/2025,Winnie Achieng,Car Dealer,38,Western,Kakamega,Kakamega,Kakamega,AiSha Mohamed,Website,Subaru,Forester,SUV,2020,petrol,manual,green,1,3535000,2774000,2,142000,159000,WIRE,paid,delivered,3.5,24,NO,3966930
ORD1092,null,11/30/2025,Grace Wanjiku,Government,60,Rift Valley,Uasin Gishu,Eldoret,Eldoret,Faith Achieng,Referral,Honda,Vezel,CROSSOVER,2026,petrol,manual,red,2,2372000,1998000,0.02,153000,100000,BANK TRANSFER,paid,held,3.5,20,YES,4802120
LC1093,6/21/2025,7/21/2025,Joy Wanjiku,Individual,51,Mombasa,Mombasa,Mombasa,Mombasa,Aisha Mohamed,Whatsapp,Toyota,Prado Tx,SUV,2021,petrol,automatic,blue,1,7151000,5443000,20%,131000,164000,CASH,pending,delivered,4.5,19,YES,null
LCL1094,null,5/13/2025,Kevin Ochieng,Government,40,Nairobi,Nairobi,Nairobi,Nairobi,Faith Achieng,Walk-In,Volkswagen,Tiguan,SUV,2025,petrol,manual,green,3,47050000,3707000,10%,38000,62000,BANK TRANSFER,paid,delivered,2.7,44,NO,12741500
ORD1095,5/13/2025,5/19/2025,Linda Wanjiku,N.G.O,44,Nairobi,Nairobi,Nairobi,Nairobi,Brian Otieno,Tender,Subaru,Impreza,SALOON,2024,hybrid/petrol,automatic,pearl,1,1728000,1452000,15%,153000,175000,CHEQUE,partially paid,cancelled,3.9,6,YES,810900
ORD1096,null,6/10/2025,Aisha Mutua,N.G.O,31,Western,Kakamega,Kakamega,Kakamega,Mary,Website,Toyota,Prado Tx,SUV,null,petrol,automatic,black,1,7231000,6304000,3%,115000,122000,M-PESA,paid,delivered,3,41,NO,7129070
ORD1097,null,3/16/2026,Carol Wanjiku,Car Dealer,28,Rift Valley,Nakuru,Nakuru,Nakuru,Brian Otieno,Phone Call,Subaru,Outback,WAGON,2017,diesel,automatic,green,1,3369000,0,15%,141000,204000,CHEQUE,paid,delivered,2.5,20,NO,3004650
LC1098,null,null,Linda Achieng,N.G.O,56,Mombasa,Mombasa,Mombasa,Mombasa,Mary WanjiKu,Phone Call,Mazda,Axela,SEDAN,202A,petrol,automatic,silver,1,1819000,1532000,15%,150000,203000,CHEQUE,paid,completed,4.2,20,NO,null
ORD1099,null,null,Not Provided,Retail,65,Eastern,Machakos,Athi River,Athi River,Faith Achieng,Walk-In,Subaru,Outback,WAGON,2016,diesel,automatic,black,1,3715000,2969000,5%,845000,174000,CASH,paid,delivered,2.5,null,NO,3698250
CAR1100,null,5/20/2026,Mercy Nyambura,N.G.O,56,Central,Kiambu,Thika,Thika,Samuel Mutua,Phone Call,Mazda,Demio,HATCHBACK,2016,diesel,automatic,silver,2,1346000,1090000,10%,37000,48000,ASSET FINANCING,pending,on the way,4,18,YES,2459800
CAR1101,null,5/14/2026,Carol Njeri,Government,50,Coast,Mombasa,Mombasa,Mombasa,Brian Otieno,Website,Toyota,Land Cruiser,SUV,2015,petrol,automatic,white,2,12378000,9527000,0.03,113000,146000,M-PESA,partially paid,in-transit,3.4,21,NO,24126320
LCL1102,null,null,Victor Ochieng,Individual,68,Coast,Mombasa,Mombasa,Mombasa,Grace Njeri,Instagram,Honda,Vezel,CROSSOVER,2018,petrol,automatic,silver,1,2789000,null,20%,40000,40000,CASH,paid,delayed,3.2,4,YES,2270200
ORD1103,4/10/2026,4/30/2026,Aisha Mutua,Corporate,64,Nyanza,Kisumu,Kisumu,Kisumu,Brian Otieno,Website,Toyota,Harrier,SUV,2021,petrol,automatic,green,1,4904000,4288000,0.12,59000,74000,CHEQUE,completed,delivered,1,6,Not Provided,4374520
LC1104,null,null,Daniel Maina,Corporate,55,Rift Valley,Nakuru,Nakuru,Nakuru,Mary Wanjiku,Walk-In,Isuzu,D-Max,PICKUP,2023,hybrid,automatic,red,1,4302000,3753000,3%,42000,38000,BANK TRANSFER,paid,in-transit,3,10,Not Provided,4214940
Not Provided,3/11/2026,3/28/2026,Peter Nyambura,Company,27,Rift Valley,Uasin Gishu,Eldoret,Eldoret,Brian Otieno,Instagram,Toyota,Harrier,SUV,2020,petrol,automatic,silver,1,4049000,3282000,0.05,60000,105000,BANK,pending,at the yard,4,21,YES,3906550
CAR1106,3/25/2026,null,Hassan Ochieng,Individual,46,Coast,Mombasa,Mombasa,Mombasa,Mary Wanjiku,Facebook,Mercedes Benz,E250,SEDAN,2017,diesel,automatic,silver,3,5985000,5233000,7,51000,90000,CHEQUE,paid,delivered,2.5,15,NO,16749149
Not Provided,1/10/2025,null,Winnie Achieng,Government,60,Coast,Mombasa,Mombasa,Mombasa,Samuel Mutua,Instagram,Toyota,Fielder,WAGON,2025,petrol,automatic,white,3,1636000,1295000,15%,90000,138000,M-PESA,completed,cancelled,2.4,16,YES,4261800
CAR1108,5/3/2025,3/30/2025,Kevin Mohamed,Car Dealer,51,Nairobi,Nairobi,Nairobi,Main,Grace Njeri,Walk-In,Toyota,Hilux,PICKUP,2018,petrol,automatic,white,1,4894000,4313000,null,160000,114000,LOAN,partially paid,delivered,3,34,NO,4319900
ORD1109,null,null,Brian Wafula,Car Dealer,37,Coast,Mombasa,Mombasa,Mombasa,Mary,Walk-In,Mercedes Benz,E250,SEDAN,2019,petrol,automatic,pearl,1,7033000,5892000,null,42000,55000,CHEQUE,paid,in-transit,3.8,11,NO,6367500
ORD1110,6/10/2025,7/4/2025,Brian Mohamed,Individual,35,Central,Kiambu,Thika,Thika,Faith Achieng,Tender,Nissan,Navara,PICKUP,2017,petrol,manual,white,2,4388000,3778000,10%,162000,159000,CASH,pending,in-transit,4.5,8,YES,8499200
ORD1111,11/2/2025,11/29/2025,Hassan Mutua,Car Dealer,49,Central,Kiambu,Thika,Thika,Kevin Mwangi,Facebook,Volkswagen,Tiguan,SUV,2018,petrol,automatic,green,1,4943000,4111000,null,111000,128000,LOAN,paid,delivered,4.7,7,YES,4955140
LCL1112,null,3/6/2026,James Chebet,Car Dealer,33,Nyanza,Kisumu,Kisumu,Kisumu,Mercy  Atieno,Facebook,Mitsubishi,Pajero,SUV,2019,petrol,automatic,white,1,5268000,4117000,10%,52000,73000,CASH,paid,delivered,3.9,8,YES,4793200
ORD1113,null,1/4/2025,Kevin Kariuki,N.G.O,44,Coast,Mombasa,Mombasa,Mombasa,Faith Achieng,Facebook,Toyota,Corolla,SALOON,2015,petrol,automatic,white,1,1691000,1452000,null,169000,null,LOAN,completed,delivered,2.1,33,NO,1780000
ORD1114,10/19/2025,11/15/2025,Hassan Mwangi,Government,23,Rift Valley,Eldoret,Eldoret,Eldoret,Kevin,Website,Mazda,Atenza,SEDAN,2023,petrol,automatic,blue,5,2565000,2330000,null,170000,191000,BANK TRANSFER,pending,in-transit,4.3,2,YES,14282500
ORD1115,3/13/2026,4/9/2026,Joy Chebet,Car Dealer,121,Nairobi,Nairobi,Nairobi,Nairobi,Brian Otieno,Website,Toyota,Hiace,VAN,2025,petrol,automatic,blue,1,5377000,4429000,0%,73000,116000,CHEQUE,paid,at the yard,4,4,NO,5450000
LCL1116,3/16/2026,4/9/2026,Aisha Wafula,Government,45,Rift Valley,Nakuru,Nakuru,Nakuru,Aisha Mohamed,Phone Call,Toyota,Fielder,WAGON,2025,petrol,automatic,green,1,1876000,1669000,0,86000,119000,CASH,pending,delivered,4.7,10,NO,1962000
LC1117,8/24/2025,null,Mary Nyambura,Corporate,30,Rift Valley,Uasin Gishu,Eldoret,Eldoret,Daniel Kimani,Phone Call,Toyota,Harrier,SUV,2024,hybrid,automatic,white,1,4205000,3246000,0 %,100000,140000,LOAN,paid,in-transit,4.1,19,NO,4307000
LCL1118,12/1/2025,12/13/2025,Grace Otieno,Government,45,Central,Kiambu,Thika,Thika,Kevin Mwangi,Referral,Subaru,Outback,WAGON,2015,petrol,automatic,green,1,4018000,3654000,12%,67000,99000,CASH,paid,at the yard,2.9,32,NO,3602840
ORD1119,6/13/2026,null,Linda Omondi,N.G.O,37,Central,Kiambu,Thika,Thika,Daniel Kimani,Facebook,Toyota,LC200,SUV,2022,diesel,automatic,green,1,12281000,10910000,15 %,120000,128000,ASSET FINANCING,paid,in-transit,2.3,1,YES,10558850
ORD1120,6/3/2026,null,Victor Mwangi,N.G.O,50,Central,Kiambu,Thika,Thika,Grace Njeri,Referral,Mazda,Demio,HATCHBACK,2016,diesel,automatic,green,1,1320000,1159000,null,90000,108000,M-PESA,paid,cancelled,3.5,37,NO,1252600
LCL1121,10/15/2025,null,James Mohamed,Government,null,Coast,Mombasa,Mombasa,Mombasa,Aisha Mohamed,Instagram,Nissan,X-Trail,SUV,2016,petrol,automatic,green,2,3019000,2414000,null,40000,63000,M-PESA,partially paid,delayed,3.5,14,NO,4655070
ORD1122,7/31/2025,8/4/2025,Faith Muthoni,Corporate,42,Central,Kiambu,Thika,Thika,Brian,Walk-In,Isuzu,N-Series,TRUCK,2016,petrol,manual,green,1,4916000,4095000,3,132000,141000,M-PESA,completed,delivered,3.7,28,Not Provided,4900520
ORD1123,3/8/2026,4/4/2026,Kevin Mutua,Corporate,50,Kisumu,Kisumu,Kisumu,Kisumu,Aisha  Mohamed,Walk-In,Toyota,Hiace,VAN,2026,hybrid,manual,white,1,5054000,4030000,5 %,177000,133000,CHEQUE,partially paid,in-transit,2.1,3,NO,4978300
ORD1124,null,null,James Kariuki,N.G.O,67,Central,Kiambu,Thika,Thika,Samuel Mutua,Referral,Mitsubishi,Canter ,TRUCK,2020,hybrid,automatic,white,1,3544000,3151000,3%,130000,null,BANK TRANSFER,pending,delivered,2.5,5,NO,3565680
CAR1125,null,null,,Car Dealer,49,Kisumu,Kisumu,Kisumu,Kisumu,Daniel Kimani,Facebook,Toyota,Harrier,SUV,2023,petrol,automatic,pearl,1,4807000,4189000,12,105000,121000,ASSET FINANCING,pending,done,4.4,1,NO,4335160
CAR1086,4/8/2026,null,Mercy Mugambi,N.G.O,53,Rift Valley,Uasin Gishu,Eldoret,Eldoret,Mary Wanjiku,Instagram,Mazda,CX5,SUV,2024,petrol,automatic,blue,1,3422000,2880000,0%,99000,null,CASH,paid,at the yard,3.1,28,NO,3521000
Not Provided,2/23/2025,5/2/2025,Not Provided,Government,33,Mt Kenya,Kiambu,Thika,Thika,Faith Achieng,Website,Toyota,Harrier,SUV,2016,hybrid,automatic,pearl,3,4183000,3678000,15,50000,86000,CASH,partially paid,cancelled,5,null,YES,10716650
LCL1128,4/3/2025,4/12/2025,Joseph Achieng,Car Dealer,47,Rift Valley,Uasin Gishu,Eldoret,Eldoret,Mary  Wanjiku,Phone Call,Toyota,Hiace,VAN,2019,hybrid,automatic,black,2,5366000,4418000,12%,123000,168000,ASSET FINANCING,cancelled,cancelled,4.7,16,NO,9567160
LCL1129,2/28/2026,null,Victor Mwangi,Government,25,Coast,Mombasa,Mombasa,Mombasa,Kevin Mwangi,Instagram,Honda,CR-V,SUV,2025,petrol,automatic,red,2,null,3034000,2%,125000,142000,CASH,paid,delayed,4.5,13,NO,3832560
ORD1130,null,null,Faith Kiptoo,N.G.O,null,Rift Valley,Uasin Gishu,Eldoret,Eldoret,Mercy  Atieno,Website,Mitsubishi,Outlander,SUV,2018,hybrid,automatic,silver,1,3103000,2500000,0%,85000,133000,M-PESA,paid,in-transit,4.3,8,NO,2869200
CAR1131,null,null,Victor Kiptoo,N.G.O,58,Rift Valley,Uasin Gishu,Eldoret,Eldoret,Mercy Atieno,Tender,Mitsubishi,Outlander,SUV,2016,diesel,automatic,red,1,2971000,2589000,12%,146000,null,RTGS,paid,delivered,3.1,0,YES,2760480
ORD1132,7/29/2025,null,Mary Mugambi,Corporate,27,Western,Kakamega,Kakamega,Kakamega,Faith Achieng,Facebook,Nissan,Juke,CROSSOVER,2023,diesel,automatic,white,1,1861000,1483000,3 %,140000,166000,M-PESA,paid,in-transit,4.9,11,NO,1945170
ORD1133,null,5/11/2026,John Kariuki,N.G.O,66,Rift Valley,Nakuru,Nakuru,Nakuru,Aisha  Mohamed,Whatsapp,Toyota,Land Cruiser,SUV,2026,hybrid/petrol,automatic,pearl,4,6468000,5806000,5%,20000,47000,ASSET FINANCING,paid,delivered,4.2,35,NO,49194800
CAR1134,5/17/2025,null,Grace Nyambura,Government,44,Central,Kiambu,Thika,Thika,Mary Wanjiku,Phone Call,Mazda,Axela,SEDAN,2021,diesel,automatic,black,3,1621000,1329000,0.12,138000,122000,ASSET FINANCING,paid,delivered,2.7,36,NO,4417440
LCL1135,2/23/2025,null,Brian Achieng,N.G.O,29,Rift Valley,Nakuru,Nakuru,Nakuru,Peter  Kiptoo,Referral,Toyota,Corolla,SEDAN,2026,petrol,automatic,green,1,2059000,1595000,15%,68000,54000,BANK,paid,on the way,3.9,41,NO,null
LCL1136,6/19/2026,7/11/2026,Samuel Ochieng,Government,62,Rift Valley,Nakuru,Nakuru,Nakuru,Samuel Mutua,Walk-In,Toyota,Harrier,SUV,2022,diesel,automatic,silver,1,4862000,null,12%,125000,160000,CASH,partially paid,in-transit,3.5,1,NO,4403560
LC1137,5/14/2025,6/3/2025,Victor Maina,Individual,35,Rift Valley,Nakuru,Nakuru,Nakuru,Mercy Atieno,Whatsapp,Toyota,Hilux,PICKUP,2018,petrol,automatic,blue,1,5032000,4477000,50 %,0,222000,CHEQUE,paid,delivered,3.4,25,YES,2684000
ORD1138,null,6/23/2025,John Mwangi,Corporate,31,Coast,Mombasa,Mombasa,Mombasa,Faith Achieng,Website,Mazda,CX5,SUV,2016,diesel,automatic,blue,1,3656000,3320000,0.15,91000,122000,CHEQUE,paid,in-transit,4.7,9,NO,320000
LCL1139,10/26/2025,null,Mary Omondi,Car Dealer,32,Nyanza,Kisumu,Kisumu,Kisumu,Kevin Mwangi,Tender,Isuzu,N-Series,TRUCK,2021,diesel,automatic,green,1,5385000,4889000,5,84000,100000,CASH,paid,at the yard,4.1,37,NO,5199750
LCL1140,9/8/2025,null,Grace Maina,Government,24,Western,Kakamega,Kakamega,Kakamega,KeviN Mwangi,Instagram,Honda,Fit,HATCHBACK,2020,petrol,automatic,green,2,null,1126000,10%,116000,180000,BANK TRANSFER,paid,delivered,2.2,null,NO,2411000
ORD1141,null,3/18/2025,John Nyambura,Corporate,29,Central,Kiambu,Thika,Thika,Brian Otieno,Instagram,BMW,X5,SUV,1899,diesel,automatic,blue,1,10434000,8082000,7%,150000,178000,CASH,pending,done,4.8,26,NO,9853620
ORD1142,6/6/2026,6/10/2026,Grace Achieng,N.G.O,37,Rift Valley,Uasin Gishu,Eldoret,Eldoret,Faith Achieng,Facebook,Toyota,Land Cruiser,SUV,2021,petrol,automatic,blue,2,7763000,6904000,5%,121000,176000,CHEQUE,paid,delivered,2.1,41,NO,14870700
LCL1143,null,5/6/2025,Joseph Mwangi,N.G.O,50,Central,Kiambu,Thika,Thika,Mercy Atieno,Walk-In,Toyota,Axio,SEDAN,2017,hybrid,automatic,blue,1,1651000,1489000,12%,90000,114000,M-PESA,partially paid,completed,3.8,32,YES,1542880
ORD1144,8/23/2025,null,Linda Achieng,Government,22,Not Provided,Kiambu,Thika,Thika,Kevin Mwangi,Facebook,Subaru,Forester,SUV,null,petrol,Not Provided,null,1,3507000,2876000,12 %,120000,98000,CASH,completed,delivered,2.5,26,NO,3206160
ORD1145,null,12/1/2025,Mercy Mutua,N.G.O,59,Central,Kiambu,Thika,Thika,Aisha,Phone Call,Mercedes Benz,C200,SEDAN,2019,hybrid,automatic,green,1,4952000,null,0,167000,157000,CASH,paid,delivered,4,13,NO,null
LCL1146,7/25/2025,8/4/2025,James Omondi,Corporate,64,Western,Kakamega,Kakamega,Kakamega,Samuel Mutua,Referral,Toyota,Corolla,SEDAN,2017,petrol,manual,black,8,null,1533000,15%,47000,35000,CHEQUE,pending,at the yard,2.9,27,NO,13035000
LCL1147,null,null,John Njeri,Individual,50,Nyanza,Kisumu,Kisumu,Kisumu,Mercy Atieno,Walk-In,Mitsubishi,Pajero,SUV,2018,petrol,manual,black,1,5101000,4424000,20,80000,124000,CASH,pending,cancelled,3.5,34,NO,4160800
LC1148,7/8/2025,8/11/2025,Victor Mwangi,Individual,50,Eastern,Machakos,Mlolongo,Athi River,Brian Otieno,Phone Call,Toyota,Corolla,SEDAN,null,hybrid,automatic,white,1,1848000,1479000,7,98000,127000,ASSET FINANCING,paid,at the yard,null,25,YES,1998304
LC1149,3/10/2026,null,Faith Mwangi,Government,26,Rift Valley,Uasin Gishu,Eldoret,Eldoret,Faith  Achieng,Phone Call,Mazda,Axela,SEDAN,2026,hybrid,automatic,silver,2,2014000,1573000,7 %,60000,50000,CHEQUE,cancelled,cancelled,null,12,NO,0
LC1150,null,null,John Otieno,N.G.O,64,Rift Valley,Nakuru,Nakuru,Nakuru,Grace Njeri,Facebook,Mitsubishi,Pajero,SUV,Not Provided,hybrid,automatic,pearl,1,5553000,4970000,5%,84000,99000,BANK TRANSFER,refunded,delivered,2.5,10,Not Provided,5359350
ORD1151,null,null,Winnie Njeri,Car Dealer,63,Eastern,Machakos,Mlolongo,Athi River,Aisha Mohamed,Facebook,Mitsubishi,Canter,TRUCK,2016,petrol,automatic,green,1,4338000,3534000,15%,119000,130000,BANK TRANSFER,cancelled,cancelled,3.5,37,NO,0
LCL1152,8/21/2025,8/30/2025,Mary Mohamed,Car Dealer,53,Eastern,Machakos,Athi River,Athi River,Peter Kiptoo,Walk-In,Honda,Vezel,CROSSOVER,1899,electric,manual,white,1,2601000,2,5,68000,103000,BANK TRANSFER,pending,delivered,2.8,32,YES,2538950
LCL1153,4/30/2025,5/13/2025,Victor Maina,Car Dealer,63,Central,Kiambu,Thika,Thika,Aisha Mohamed,Referral,Subaru,Impreza,SEDAN,2024,diesel,automatic,green,4,2023000,1653000,7%,20000,29000,ASSET FINANCING,completed,delivered,3.8,38,NO,7545559
CAR1154,null,null,Faith Mwangi,N.G.O,61,Rift Valley,Uasin Gishu,Eldoret,Eldoret,Daniel Kimani,Whatsapp,Honda,Vezel,CROSSOVER,2024,petrol,automatic,white,1,2642000,2349000,0%,94000,null,BANK TRANSFER,paid,cancelled,2.2,12,NO,2736000
ORD1155,3/28/2025,4/16/2025,John Mutua,Corporate,68,Rift Valley,Nakuru,Nakuru,Nakuru,Samuel Mutua,Website,Mitsubishi,Canter,TRUCK,2025,petrol,automatic,black,1,3561000,3218000,10%,164000,233000,CHEQUE,cancelled,delivered,2.8,25,YES,3368900
ORD1156,null,null,James Wafula,Individual,null,Coast,Mombasa,Mombasa,Mombasa,Mary Wanjiku,Phone Call,Nissan,Juke,CROSSOVER,2021,petrol,automatic,white,1,null,1592000,0.1,163000,150000,CHEQUE,partially paid,delivered,5,27,NO,1757800
LCL1157,8/20/2025,null,Carol Ochieng,N.G.O,51,Rift Valley,Nakuru,Nakuru,Nakuru,Grace Njeri,Whatsapp,Mitsubishi,Pajero,SUV,2023,hybrid,automatic,black,null,4579000,3919000,0.05,138000,189000,BANK TRANSFER,partially paid,done,2.5,4,NO,4936855
LC1158,null,null,Mary Mohamed,Corporate,61,Nyanza,Kisumu,Kisumu,Kisumu,Grace Njeri,Instagram,Toyota,Prado Tx,SUV,2015,petrol,automatic,white,1,6845000,5632000,0.1,178000,148000,WIRE,paid,cancelled,2.8,32,NO,6338500
LCL1159,1/21/2025,null,Grace Chebet,Car Dealer,54,Coast,Mombasa,Mombasa,Mombasa,Aisha Mohamed,Tender,Toyota,Prado Tx,SUV,2015,petrol,automatic,white,1,7473000,6501000,7%,70000,129000,CHEQUE,paid,delivered,null,35,NO,7019890
CAR1160,8/1/2025,null,Joseph Maina,Individual,31,Rift Valley,Uasin Gishu,Eldoret,Eldoret,Mary WanjiKu,Referral,Toyota,Harrier,SUV,2023,petrol,automatic,blue,2,4117000,3198000,0.1,69000,67000,CASH,completed,in-transit,2.8,37,YES,7479600
ORD1161,11/10/2025,null,Peter Maina,Individual,41,Rift Valley,Nakuru,Nakuru,Nakuru,DaniEl Kimani,Facebook,Toyota,Corolla,SALOON,2017,hybrid,manual,white,1,2147000,1830000,7%,88000,69000,ASSET FINANCING,cancelled,cancelled,2.8,41,NO,2084709
LCL1162,null,7/15/2025,Peter Wanjiku,N.G.O,null,Western,Kakamega,Kakamega,Kakamega,Mercy AtiEno,Website,Subaru,Forester,SUV,2024,hybrid,automatic,black,1,3391000,2814000,25%,38000,85000,CASH,pending,delivered,2.5,32,NO,2581250
ORD1163,10/28/2025,null,Winnie Muthoni,Car Dealer,45,Western,Kakamega,Kakamega,Kakamega,Grace Njeri,Tender,Honda,Vezel,CROSSOVER,2015,diesel,automatic,white,1,null,2670000,5%,30000,42000,CHEQUE,paid,in-transit,4.3,2,YES,2869300
LCL1164,3/15/2026,4/2/2026,James Kiptoo,Individual,48,Eastern,Machakos,Athi River,Athi River,Aisha Mohamed,Phone Call,Volkswagen,Golf,HATCHBACK,2020,electric,automatic,silver,1,2444000,1994000,7%,16000,23000,CHEQUE,unpaid,delivered,4.8,34,NO,2288920
LCL1165,null,null,Naomi Mutua,Individual,62,Central,Kiambu,Thika,Thika,Faith,Whatsapp,Isuzu,N-Series,TRUCK,202A,hybrid,automatic,black,3,5165000,4392000,5%,170000,151000,M-PESA,pending,in-transit,4.9,38,Not Provided,5076750
ORD1166,9/11/2025,null,Grace Kimani,N.G.O,32,Central,Kiambu,Thika,Thika,Kevin  Mwangi,Instagram,Toyota,Harrier,SUV,null,hybrid,manual,pearl,1,5067000,4499000,5%,168000,150000,CHEQUE,pending,delivered,4.7,33,Not Provided,4981650
LCL1167,null,3/17/2025,Carol Ochieng,N.G.O,35,Western,Kakamega,Kakamega,Kakamega,Brian Otieno,Phone Call,Toyota,Axio,SEDAN,2021,hybrid/petrol,automatic,green,1,null,1581000,10%,97000,157000,WIRE,paid,held,2.5,24,YES,1767400
Not Provided,2/13/2026,null,John Mugambi,Corporate,61,Western,Kakamega,Kakamega,Kakamega,Grace Njeri,Referral,Toyota,Corolla,SEDAN,2023,diesel,automatic,green,1,2021000,1804000,12%,100000,null,ASSET FINANCING,completed,delivered,4.2,23,NO,1878480
CAR1169,12/21/2025,1/4/2026,Faith Wafula,Government,45,Western,Kakamega,Kakamega,Kakamega,Brian Otieno,Referral,Nissan,Juke,CROSSOVER,2025,electric,manual,blue,1,2200000,1798000,0%,130000,127000,CHEQUE,pending,completed,4.5,28,NO,null
LCL1170,null,6/12/2026,Aisha Mohamed,N.G.O,38,Nairobi,Nairobi,Nairobi,Nairobi,Faith Achieng,Instagram,Toyota,Corolla,SEDAN,2025,hybrid,automatic,white,1,2004000,1785000,12%,140000,155000,M-PESA,refunded,at the yard,2,12,YES,0
CAR1171,null,6/1/2026,Peter Ochieng,Government,47,Coast,Mombasa,Mombasa,Mombasa,Samuel Mutua,Instagram,Subaru,Forester,SUV,2017,diesel,automatic,silver,3,3187000,2661000,2 %,34000,44000,CASH,partially paid,done,3.1,24,Not Provided,9403780
LCL1172,null,null,Aisha Kariuki,Corporate,30,Eastern,Machakos,Athi River,Athi River,Faith Achieng,Referral,Mitsubishi,Canter,TRUCK,2026,petrol,automatic,white,3,3956000,3277000,2%,168000,185000,CASH,partially paid,delivered,3.3,37,NO,4044880
LCL1173,null,null,Joy Chebet,Company,22,Nyanza,Kisumu,Kisumu,Kisumu,Brian Otieno,Referral,Honda,Fit,HATCHBACK,2018,petrol,automatic,red,5,1275000,1105000,null,42000,58000,M-PESA,partially paid,delivered,3.5,8,YES,5779500
ORD1174,3/29/2025,null,Joseph Kimani,N.G.O,43,Nairobi,Nairobi,Nairobi,Nairobi,Mercy  Atieno,Tender,Toyota,Fielder,WAGON,2018,petrol,automatic,red,1,1890000,1700000,10%,36000,57000,ASSET FINANCING,paid,cancelled,2.4,41,NO,1732500
ORD1175,null,null,Winnie Kiptoo,Individual,56,Eastern,Machakos,Athi River,Athi River,Samuel Mutua,Facebook,Toyota,Corolla,SEDAN,1899,electric,automatic,red,1,2015000,1676000,15%,82000,96000,CHEQUE,paid,delivered,2.4,12,NO,1794750
CAR1176,null,12/30/2025,James Wafula,Corporate,null,Eastern,Machakos,Athi River,Athiriver,Mary Wanjiku,Instagram,Mazda,Axela,SEDAN,2024,hybrid,automatic,white,1,1899000,1520000,10%,null,52000,M-PESA,cancelled,cancelled,3.4,16,NO,1935020
CAR1177,null,9/17/2025,Unknown,Car Dealer,60,Western,Kakamega,Kakamega,Kakamega,Brian Otieno,Instagram,Toyota,Hiace,VAN,2025,hybrid,manual,green,1,5612000,4319000,7%,67000,82000,M-PESA,paid,at the yard,null,35,NO,5286160
LCL1178,11/18/2025,null,Carol Achieng,Government,66,Rift Valley,Uasin Gishu,Eldoret,Eldoret,Mary Wanjiku,Instagram,Volkswagen,Tiguan,SUV,2017,petrol,automatic,silver,null,4834000,4,15%,46000,52000,CASH,paid,delivered,4.7,9,NO,20590500
LCL1179,3/10/2026,4/4/2026,John Kiptoo,Corporate,25,Rift Valley,Nakuru,Nakuru,Nakuru,Samuel Mutua,Referral,Nissan,X-Trail,SUV,2020,petrol,manual,green,1,3164000,2506000,10%,33000,60000,M-PESA,paid,on the way,4,17,NO,2880600
LCL1180,2/18/2026,2/27/2026,Kevin Muthoni,Corporate,39,Central,Kiambu,Thika,Thika,Faith Achieng,Referral,Toyota,Prado,SUV,2025,diesel,automatic,pearl,1,7979000,6677000,10%,60000,62000,BANK TRANSFER,paid,delivered,2.5,0,NO,7241100
Not Provided,3/4/2026,10/4/2026,John Kiptoo,Government,42,Westernen,Kakamega,Kakamega,Kakamega,Peter Kiptoo,Instagram,Toyota,LC200,SUV,2017,diesel,automatic,black,1,12156000,10364000,5%,179000,152000,ASSET FINANCING,unpaid,delivered,4.4,38,YES,11727200
ORD1182,1/4/2026,1/18/2026,John Kariuki,Government,23,Central,Kiambu,Thika,Thika,Brian Otieno,Phone Call,Subaru,Outback,WAGON,2020,hybrid,automatic,green,1,4175000,3574000,10%,109000,null,M-PESA,partially paid,delayed,4.7,13,NO,3866500
CAR1183,4/12/2026,5/9/2026,Linda Mwangi,Government,45,Rift Valley,Uasin Gishu,Eldoret,Eldoret,Aisha Mohamed,Facebook,Honda,Fit Hybrid,HATCHBACK,2024,hybrid,automatic,pearl,1,1484000,1170000,5%,45000,76000,BANK TRANSFER,paid,delivered,4.5,30,NO,1454800
Not Provided,2/14/2026,null,Mercy Kariuki,Individual,47,Nairobi,Nairobi,Embakasi,Nairobi,Grace Njeri,Instagram,Mitsubishi,Canter,TRUCK,2025,petrol,automatic,silver,1,3661000,3247000,7%,140000,159000,ASSET FINANCING,pending,at the yard,3.9,26,YES,3540730
LCL1185,null,10/13/2025,Victor Ochieng,Car Dealer,60,Western,Kakamega,Kakamega,Kakamega,Faith  Achieng,Website,Honda,Vezel,CROSSOVER,2021,diesel,automatic,white,4,2635000,2265000,null,74000,111000,ASSET FINANCING,paid,delivered,3.8,11,NO,9033000
LCL1186,5/6/2026,5/25/2026,Aisha Mugambi,Individual,25,Rift Valley,Eldoret,Eldoret,Eldoret,Mary Wanjiku,Whatsapp,Honda,Fit,HATCHBACK,2023,petrol,automatic,silver,1,1343000,1126000,3 %,64000,61000,WIRE,partially paid,delivered,2.3,31,NO,1366710
ORD1187,9/1/2025,9/11/2025,Kevin Otieno,Government,26,Nairobi,Nairobi,Nairobi,Nairobi,Faith Achieng,Tender,Mercedes Benz,C200,SEDAN,2021,diesel,automatic,white,1,null,4789000,0.03,32000,null,M-PESA,cancelled,on the way,3.7,10,NO,0
LC1188,1/2/2025,1/5/2025,Peter Maina,N.G.O,52,Eastern,Machakos,Mlolongo,Athi River,Daniel Kimani,Instagram,Subaru,Outback,WAGON,2024,petrol,automatic,white,1,3558000,3082000,7%,156000,233000,BANK TRANSFER,paid,in-transit,4.8,null,YES,3464940
LCL1189,null,1/22/2026,Hassan Omondi,Car Dealer,55,Central,Kiambu,Thika,Thika,Daniel  Kimani,Referral,Nissan,Navara,PICKUP,2023,petrol,automatic,green,1,4661000,3891000,7%,18000,32000,ASSET FINANCING,partially paid,in-transit,3,33,NO,4350000
LCL1190,11/27/2025,12/19/2025,Grace Otieno,Individual,58,Rift Valley,Nakuru,Nakuru,Nakuru,Grace Njeri,Tender,Honda,Fit,HATCHBACK,2026,petrol,automatic,green,1,1458000,1277000,5%,142000,223000,BANK TRANSFER,cancelled,cancelled,1,21,YES,0
Not Provided,1/11/2025,1/17/2025,Kevin Nyambura,Individual,23,Rift Valley,Uasin Gishu,Eldoret,Eldoret,Peter Kiptoo,Phone Call,Toyota,Prado Tx,SUV,2017,diesel,manual,black,1,6874000,5817000,10 %,86000,97000,CHEQUE,paid,delivered,4.2,28,NO,7647400
LC1192,4/6/2025,null,Mercy Kariuki,Car Dealer,50,Central,Kiambu,Thika,Thika,Grace Njeri,Website,Toyota,Land Cruiser,SUV,202A,petrol,manual,green,1,122420000,9382000,null,170000,null,M-PESA,partially paid,delivered,3.5,15,NO,2283399
LCL1193,1/13/2026,null,Kevin Nyambura,Government,68,Rift Valley,Uasin Gishu,Eldoret,Eldoret,Aisha Mohamed,Whatsapp,Toyota,Prado Tx,SUV,2019,hybrid,automatic,blue,3,null,5640000,0.05,42000,72000,BANK TRANSFER,partially paid,at the yard,2.1,null,NO,18532800
ORD1194,10/7/2025,null,Kevin Njeri,Individual,53,Coast,Mombasa,Mombasa,Mombasa,Peter  Kiptoo,Whatsapp,Toyota,Harrier,SUV,2022,petrol,automatic,red,1,4615000,4036000,10 %,0,180000,CHEQUE,paid,delivered,5,4,NO,4306500
LCL1195,1/5/2025,1/13/2025,James Mutua,Car Dealer,37,Western,Kakamega,Kakamega,Kakamega,Mercy Atieno,Referral,Mazda,CX5,SUV,2018,petrol,automatic,black,8,3866000,3251000,0.2,41000,60000,BANK TRANSFER,partially paid,cancelled,2.7,6,NO,24780000
Not Provided,11/17/2025,11/21/2025,Joy Mugambi,Company,60,Rift Valley,Nakuru,Nakuru,Nakuru,Samuel Mutua,Referral,Nissan,Juke,CROSSOVER,2021,petrol,automatic,silver,7,1950000,1692000,10%,145000,222000,M-PESA,refunded,at the yard,2.5,15,NO,null
CAR1197,4/28/2025,5/25/2025,Not Provided,Individual,29,Western,Kakamega,Kakamega,Kakamega,DaniEl Kimani,Referral,Mazda,CX5,SUV,2019,petrol,automatic,blue,4,3551000,2814000,null,null,101000,RTGS,pending,at the yard,4.5,33,NO,11476200
LC1198,null,null,Hassan Mwangi,Individual,57,Nairobi,Nairobi,Nairobi,Nairobi,Faith Achieng,Instagram,Honda,Vezel,CROSSOVER,2026,petrol,automatic,green,1,3028000,2401000,12%,23000,60000,M-PESA,cancelled,cancelled,2.7,0,NO,null
LC1199,null,null,Daniel Kariuki,Car Dealer,46,Western,Kakamega,Kakamega,Kakamega,Mercy  Atieno,Tender,Toyota,Fielder,WAGON,2017,petrol,automatic,pearl,4,1738000,1429000,null,180000,252000,CHEQUE,completed,delivered,3.1,0,NO,6644360
LC1200,null,null,Peter Ochieng,Corporate,27,Nyanza,Kisumu,Kisumu,Kisumu,Samuel Mutua,Walk-In,Mazda,Atenza,SEDAN,2015,diesel,manual,green,5,2660000,2241000,5%,141000,137000,RTGS,partially paid,at the yard,3.2,36,NO,12776000
ORD1201,null,2/24/2026,Brian Wanjiku,N.G.O,58,Central,Kiambu,Thika,Thika,Mary,Instagram,Toyota,Land Cruiser,SUV,2018,petrol,automatic,green,1,14682000,11987000,0.12,null,151000,RTGS,paid,cancelled,2.8,3,NO,6509080
Not Provided,3/21/2026,4/9/2026,Brian Ochieng,Retail,58,Nairobi,Nairobi,Nairobi,Nairobi,Faith Achieng,Tender,Honda,Vezel,CROSSOVER,2021,diesel,automatic,black,2,2430000,2087000,null,106000,75000,M-PESA,cancelled,cancelled,2.7,39,NO,4382800
LCL1203,null,null,Aisha Mohamed,Corporate,27,Nairobi,Nairobi,Nairobi,Nairobi,Aisha Mohamed,Tender,Toyota,Hilux,PICKUP,2020,diesel,automatic,pearl,3,5527000,4841000,12%,138000,159000,CASH,paid,in-transit,5,13,NO,16202208
LCL1204,5/26/2025,null,Mary Kiptoo,Corporate,55,Central,Kiambu,Thika,Thika,Mercy AtiEno,Instagram,Isuzu,D-Max,PICKUP,2015,petrol,automatic,red,1,4230000,3526000,3 %,130000,181000,CHEQUE,paid,delivered,4.2,32,NO,4233100
CAR1205,4/5/2026,4/7/2026,James Maina,Corporate,25,Rift Valley,Nakuru,Nakuru,Nakuru,Faith  Achieng,Facebook,Honda,Fit Hybrid,HATCHBACK,2015,petrol,manual,blue,1,1275000,null,0.02,160000,null,BANK TRANSFER,paid,delivered,2.4,41,NO,1409500
LC1206,3/9/2025,9/26/2025,Faith Maina,Individual,42,Eastern,Machakos,Athi River,Athi River,Grace Njeri,Referral,Honda,Vezel,CROSSOVER,2017,petrol,automatic,blue,1,3042000,2319000,null,166000,211000,M-PESA,paid,delivered,3,16,YES,3208000
CAR1207,1/17/2026,2/8/2026,Mary Mutua,Government,27,Nyanza,Kisumu,Kisumu,Kisumu,Brian Otieno,Tender,Isuzu,D-Max,PICKUP,2023,petrol,automatic,pearl,4,4625000,3590000,5%,134000,182000,CHEQUE,paid,delivered,3.5,45,YES,17709000
LC1208,null,null,Carol Maina,Retail,null,Rift Valley,Not Provided,Eldoret,Eldoret,Brian Otieno,,Mitsubishi,Outlander,SUV,Not Provided,petrol,Not Provided,black,1,3367000,2607000,12%,146000,201000,ASSET FINANCING,pending,delayed,3.4,11,Not Provided,3419856
CAR1209,9/24/2025,null,Kevin Otieno,Government,28,Rift Valley,Eldoret,Eldoret,Eldoret,Samuel  Mutua,Phone Call,Honda,Vezel,CROSSOVER,2015,diesel,manual,white,1,2755000,2483000,15%,40000,73000,CHEQUE,paid,on the way,4.3,0,NO,1190875
ORD1210,8/7/2025,7/3/2025,James Chebet,Car Dealer,46,Western,Kakamega,Kakamega,Kakamega,Faith Achieng,Instagram,Nissan,Navara,PICKUP,2017,diesel,automatic,green,3,4724000,3868000,null,39000,50000,M-PESA,completed,completed,4.5,8,Not Provided,13927560
LCL1211,null,null,Brian Nyambura,Individual,67,Eastern,Machakos,Athi River,Athiriver,Grace Njeri,Whatsapp,Toyota,Prado Tx,SUV,2019,petrol,automatic,black,3,6918000,5906000,5%,null,210000,CASH,paid,done,2.3,19,NO,6749100
Not Provided,8/2/2026,3/6/2026,John Mohamed,Car Dealer,68,Central,Kiambu,Thika,Thika,Mary Wanjiku,Website,Nissan,Note,HATCHBACK,2022,petrol,automatic,green,2,1349000,1170000,12%,55000,102000,WIRE,paid,delivered,3.2,41,NO,1214620
LCL1213,null,12/13/2025,Mercy Wanjiku,Car Dealer,61,Eastern,Machakos,Athi River,Athi River,Grace Njeri,Instagram,Mazda,Demio,HATCHBACK,2016,petrol,automatic,blue,3,1312000,1088000,5%,null,153000,LOAN,paid,delivered,4.7,25,NO,1379400
ORD1214,12/12/2025,null,Naomi Maina,Government,33,Central,Kiambu,Thika,Thika,Peter Kiptoo,Facebook,Toyota,Fielder,WAGON,2018,petrol,automatic,green,3,1952000,1605000,7%,82000,104000,CASH,paid,in-transit,2.1,19,NO,5528080
ORD1215,null,4/21/2025,Unknown,N.G.O,30,Rift Valley,Nakuru,Nakuru,Nakuru,Daniel Kimani,Tender,Mazda,Atenza,SEDAN,2023,hybrid/petrol,automatic,green,1,2480000,2032000,15,146000,143000,M-PESA,paid,delivered,4.7,39,YES,4508000
ORD1216,null,9/6/2025,Mary Mohamed,Individual,null,Central,Kiambu,Thika,Thika,Aisha  Mohamed,Phone Call,Volkswagen,Tiguan,SUV,2023,diesel,automatic,green,1,4591000,3901000,null,97000,129000,CHEQUE,paid,delivered,4.5,11,NO,4596180
ORD1217,5/9/2025,6/7/2025,Mary Wanjiku,Government,56,Rift Valley,Uasin Gishu,Eldoret,Eldoret,Grace Njeri,Walk-In,Toyota,Axio,SEDAN,2016,hybrid,automatic,pearl,1,1875000,1638000,0.1,48000,null,CHEQUE,pending,at the yard,3.7,20,NO,1055250
LC1218,null,null,James Mugambi,Individual,43,Eastern,Machakos,Athi River,Athi River,Faith Achieng,Whatsapp,Honda,Vezel,CROSSOVER,2022,petrol,automatic,red,1,2755000,2332000,null,35000,51000,M-PESA,paid,completed,2.8,8,NO,2707350
CAR1219,5/21/2025,null,Victor Muthoni,Car Dealer,35,Eastern,Machakos,Athi River,Athi River,Peter,Phone Call,Toyota,Hilux,PICKUP,202A,petrol,automatic,silver,4,5601000,4957000,2,116000,177000,BANK,completed,delivered,3.1,22,NO,22070000
ORD1220,null,null,Aisha Omondi,Individual,42,Western,Kakamega,Kakamega,Kakamega,BriAn Otieno,Website,Toyota,Harrier,SUV,2015,hybrid/petrol,manual,green,1,3937000,4,15%,92000,101000,ASSET FINANCING,paid,delivered,4.4,27,NO,3782295
LCL1221,12/5/2025,null,Kevin Wanjiku,N.G.O,62,Nyanza,Kisumu,Kisumu,Kisumu,Daniel Kimani,Instagram,Mercedes Benz,E250,SALOON,2015,petrol,automatic,black,1,7019000,6005000,15 %,145000,175000,CASH,paid,cancelled,2.4,41,Not Provided,null
LCL1222,3/5/2026,null,James Muthoni,N.G.O,25,Nairobi,Nairobi,Nairobi,Nairobi,Faith Achieng,Tender,Mitsubishi,Canter,TRUCK,2026,petrol,automatic,green,1,3779000,3125000,5 %,null,94000,M-PESA,cancelled,cancelled,4.7,35,NO,0
CAR1223,3/9/2026,null,Winnie Njeri,Car Dealer,58,Nairobi,Nairobi,Nairobi,Main,Kevin Mwangi,Website,Toyota,Harrier,SUV,2025,diesel,manual,white,1,4102000,3684000,12%,83000,98000,ASSET FINANCING,refunded,on the way,2.5,1,YES,737399
LC1224,null,null,Naomi Mutua,Corporate,121,Coast,Mombasa,Mombasa,Mombasa,Faith Achieng,Phone Call,Honda,Vezel,CROSSOVER,2024,hybrid,automatic,blue,1,2443000,2208000,3%,52000,null,CASH,paid,delivered,2.8,29,NO,4843420
ORD1174,null,null,Naomi Wanjiku,Individual,48,Westernen,Kakamega,Kakamega,Kakamega,Mary  Wanjiku,Instagram,Mazda,Atenza,SEDAN,2016,petrol,automatic,silver,1,2671000,2387000,7%,72000,76000,BANK TRANSFER,partially paid,delivered,2.5,5,NO,2556030
Not Provided,12/21/2025,1/18/2026,Naomi Nyambura,Company,35,Coast,Mombasa,Mombasa,Mombasa,Mercy Atieno,Instagram,Mazda,CX5,SUV,2023,petrol,automatic,white,1,3560000,3030000,10%,82000,85000,CASH,paid,in-transit,2.8,27,NO,3286000
CAR1227,1/7/2025,7/7/2025,Peter Mutua,Individual,65,Rift Valley,Nakuru,Nakuru,Nakuru,Brian Otieno,Whatsapp,Toyota,Harrier,SUV,2026,petrol,automatic,blue,1,4445000,3843000,12%,46000,52000,BANK,pending,delivered,4.2,27,YES,3957600
Not Provided,11/24/2025,12/12/2025,Faith Kiptoo,Corporate,43,Central,Kiambu,Thika,Thika,Kevin Mwangi,Phone Call,Honda,Fit,HATCHBACK,2020,petrol,automatic,green,5,1592000,1347000,1.2,111000,124000,M-PESA,paid,in-transit,4.3,14,YES,1480999
ORD1229,6/3/2026,5/31/2026,Linda Mutua,N.G.O,62,Nairobi,Nairobi,Nairobi,Main,Mercy,Whatsapp,Nissan,Note,HATCHBACK,2026,petrol,manual,red,2,1189000,932000,0,19000,null,M-PESA,paid,in-transit,3,2,NO,2400000
LCL1230,null,null,John Mugambi,Car Dealer,55,Central,Kiambu,Thika,Thika,BriAn Otieno,Referral,Isuzu,N-Series,TRUCK,2015,petrol,automatic,white,1,4783000,3640000,5%,110000,146000,CHEQUE,pending,delivered,3.5,38,NO,4653850
ORD1231,null,null,Faith Mwangi,Individual,67,Western,Kakamega,Kakamega,Kakamega,Daniel Kimani,Facebook,Subaru,XV,CROSSOVER,2017,petrol,automatic,black,1,null,1831000,7%,84000,73000,BANK TRANSFER,cancelled,done,5,13,YES,0
LCL1232,8/28/2025,null,Kevin Wanjiku,N.G.O,27,Nyanza,Kisumu,Kisumu,Kisumu,BriAn Otieno,Website,Toyota,Fielder,WAGON,2015,petrol,automatic,black,1,1880000,1675000,0 %,15000,14000,CASH,cancelled,done,4.3,39,YES,0
ORD1233,null,null,Winnie Maina,Car Dealer,47,Rift Valley,Nakuru,Nakuru,Nakuru,Grace Njeri,Website,Mazda,CX5,SUV,2025,diesel,automatic,silver,4,3473000,3,0.05,25000,42000,M-PESA,paid,done,3.1,6,YES,13222400
Not Provided,4/18/2026,null,Kevin Kimani,N.G.O,33,Coast,Mombasa,Mombasa,Mombasa,Mercy,Phone Call,BMW,X5,SUV,2020,hybrid,automatic,white,1,9991000,8484000,15%,117000,170000,ASSET FINANCING,paid,delivered,5,10,YES,8609350
LCL1235,null,null,Joseph Otieno,Individual,67,Nyanza,Kisumu,Kisumu,Kisumu,Peter Kiptoo,Tender,Honda,CR-V,SUV,2024,petrol,manual,green,null,4408000,3,10%,98000,93000,CHEQUE,paid,delivered,3.1,4,NO,4065200
LCL1236,null,null,Joy Kariuki,Company,36,Eastern,Machakos,Mlolongo,Athi River,Kevin,Walk-In,Nissan,X-Trail,SUV,2022,petrol,automatic,pearl,1,3631000,2829000,0%,40000,66000,M-PESA,paid,delivered,3.4,45,NO,3676000
LCL1237,12/16/2025,11/4/2026,Mercy Muthoni,Government,41,Nyanza,Kisumu,Kisumu,Kisumu,Daniel Kimani,Whatsapp,Subaru,Forester,SUV,2020,diesel,automatic,silver,1,0,3054000,0.05,54000,63000,CASH,paid,in-transit,3.2,20,Not Provided,3648800
CAR1238,null,null,Mary Maina,N.G.O,28,Rift Valley,Nakuru,Nakuru,Nakuru,Faith Achieng,Facebook,Mercedes Benz,C200,SEDAN,2015,diesel,automatic,red,1,5736000,4678000,2%,72000,80000,CASH,completed,delayed,2.4,1,YES,5693280
LCL1239,5/14/2026,1/6/2026,Grace Nyambura,Government,30,Eastern,Machakos,Athi River,Athi River,Grace Njeri,Walk-In,Mazda,Demio,HATCHBACK,2021,petrol,automatic,red,1,1269000,1085000,0.2,57000,68000,CHEQUE,paid,at the yard,4.7,34,YES,1072200
LC1240,5/30/2026,6/16/2026,Grace Njeri,N.G.O,46,Nyanza,Kisumu,Kisumu,Kisumu,Aisha,Website,Mazda,Atenza,SEDAN,null,petrol,automatic,silver,2,2597000,2102000,3%,142000,165000,LOAN,refunded,delayed,3.2,1,YES,0
LC1241,null,null,Victor Kiptoo,Government,66,Rift Valley,Uasin Gishu,Eldoret,Eldoret,Grace Njeri,Phone Call,BMW,320I,SEDAN,2019,hybrid,automatic,green,1,4279000,3511000,7%,31000,42000,CHEQUE,cancelled,cancelled,3.5,12,YES,null
LCL1242,4/6/2026,4/4/2026,Kevin Wafula,Corporate,28,Rift Valley,Nakuru,Nakuru,Nakuru,Grace Njeri,Facebook,Mercedes Benz,C200,SEDAN,2017,diesel,automatic,blue,7,5660000,4983000,3%,79000,104000,CHEQUE,pending,delivered,2.5,43,YES,38510400
LCL1243,null,2/21/2025,Grace Kiptoo,N.G.O,58,Rift Valley,Eldoret,Eldoret,Eldoret,Mercy Atieno,Walk-In,Subaru,Impreza,SEDAN,2022,hybrid/petrol,automatic,pearl,1,null,1852000,0%,62000,80000,CASH,completed,delivered,4.9,20,Not Provided,1674500
LCL1244,null,5/6/2026,Daniel Mwangi,N.G.O,36,Coast,Mombasa,Mombasa,Mombasa,Brian Otieno,Phone Call,Toyota,Fielder,WAGON,2016,hybrid,automatic,red,1,1730000,1335000,0.02,56000,null,M-PESA,pending,cancelled,4.9,17,NO,1755320
LCL1245,null,11/24/2025,Brian Maina,Corporate,45,Western,Kakamega,Kakamega,Kakamega,Mercy  Atieno,Website,Subaru,Forester,SUV,2026,petrol,automatic,white,1,3043000,2323000,0.1,112000,null,CHEQUE,paid,done,4.3,30,YES,3135770
ORD1246,null,6/2/2025,,Corporate,31,Coast,Mombasa,Mombasa,Mombasa,Grace Njeri,Website,Honda,Fit Hybrid,HATCHBACK,2022,hybrid,automatic,white,1,1470000,null,null,106000,170000,ASSET FINANCING,paid,delivered,4,44,YES,1546600
ORD1247,null,1/30/2025,Daniel Maina,Car Dealer,52,Eastern,Machakos,Athi River,Athi River,Daniel,Instagram,Toyota,Prado Tx,SUV,2026,petrol,automatic,green,3,6996000,5362000,null,0,48000,CASH,paid,delivered,4.5,6,NO,18931200
CAR1248,null,null,Joseph Omondi,Corporate,64,Coast,Mombasa,Mombasa,Mombasa,Brian  Otieno,Tender,Mitsubishi,Outlander,SUV,2021,petrol,automatic,black,1,3444000,2841000,2 %,164000,225000,CHEQUE,paid,done,4.4,27,Not Provided,3539120
LCL1249,10/26/2025,null,Hassan Wanjiku,Car Dealer,57,Nairobi,Nairobi,Nairobi,Nairobi,Brian Otieno,Referral,BMW,320I,SEDAN,2016,diesel,manual,pearl,1,4349000,3923000,10 %,40000,65000,CHEQUE,cancelled,cancelled,null,12,NO,0
LCL1250,null,8/26/2025,Victor Maina,N.G.O,56,Western,Kakamega,Kakamega,Kakamega,Daniel Kimani,Phone Call,Toyota,Corolla,SEDAN,2024,petrol,automatic,white,1,1775000,1401000,0.25,34000,52000,BANK TRANSFER,paid,completed,4.7,29,Not Provided,1365250
LC1251,1/15/2025,5/5/2025,John Achieng,Individual,41,Mombasa,Mombasa,Mombasa,Mombasa,Samuel Mutua,Phone Call,Volkswagen,Golf,HATCHBACK,2025,petrol,manual,silver,1,1927000,1730000,2%,152000,null,CHEQUE,paid,completed,5,20,YES,2040000
ORD1252,1/23/2025,null,James Wafula,Government,39,Nyanza,Kisumu,Kisumu,Kisumu,Grace  Njeri,Referral,Mitsubishi,Pajero,SUV,2023,diesel,automatic,green,1,4376000,3530000,null,93000,116000,ASSET FINANCING,paid,at the yard,2.7,14,YES,4162679
ORD1253,null,null,Peter Maina,Corporate,40,Nyanza,Kisumu,Kisumu,Kisumu,Daniel Kimani,Tender,Nissan,X-Trail,SUV,2020,petrol,manual,pearl,1,0,2632000,0.5,18000,26000,BANK TRANSFER,cancelled,cancelled,4.1,12,YES,0
ORD1254,4/10/2025,null,Naomi Otieno,Individual,57,Central,Kiambu,Thika,Thika,FaiTh Achieng,Referral,Toyota,Hilux,PICKUP,2018,petrol,automatic,white,1,6132000,5461000,10,137000,103000,M-PESA,partially paid,in-transit,4.2,16,NO,6193980
LCL1255,null,4/2/2025,Faith Nyambura,Car Dealer,25,Rift Valley,Nakuru,Nakuru,Nakuru,Grace,Referral,Toyota,Prado Tx,SUV,2016,diesel,automatic,white,1,7911000,6248000,10%,49000,96000,CASH,partially paid,done,2,28,YES,null
CAR1256,null,null,Daniel Mugambi,Car Dealer,30,Eastern,Machakos,Athi River,Athi River,Mercy  Atieno,Website,Mitsubishi,Canter,TRUCK,2015,petrol,manual,pearl,1,3583000,2884000,15 %,0,83000,CASH,pending,delayed,2.1,0,NO,1545275
LC1257,1/12/2026,null,Mary Omondi,Car Dealer,47,Western,Kakamega,Kakamega,Kakamega,Peter  Kiptoo,Website,Toyota,Fielder,WAGON,2023,petrol,manual,green,1,1990000,1697000,15 %,142000,144000,WIRE,cancelled,delivered,2.2,null,Not Provided,0
Not Provided,null,2/21/2025,Daniel Mwangi,N.G.O,22,Coast,Mombasa,Mombasa,Mombasa,Kevin,Referral,Volkswagen,Golf Gti,HATCHBACK,2019,petrol,automatic,silver,1,1960000,1547000,0.1,38000,58000,RTGS,completed,delivered,3.9,32,YES,1798400
CAR1259,5/2/2025,5/7/2025,Mercy Muthoni,Car Dealer,null,Nyanza,Kisumu,Kisumu,Kisumu,Peter Kiptoo,Instagram,Toyota,Harrier,SUV,2022,petrol,automatic,blue,7,5102000,4109000,0%,104000,119000,M-PESA,pending,delivered,2.7,3,YES,35818000
LC1260,null,null,,N.G.O,65,Rift Valley,Uasin Gishu,Eldoret,Eldoret,Aisha Mohamed,Walk-In,Mazda,Demio,HATCHBACK,2020,hybrid,automatic,pearl,1,1183000,931000,15,18000,54000,ASSET FINANCING,partially paid,delivered,3.3,2,NO,570925
LCL1261,null,null,Linda Nyambura,Car Dealer,26,Western,Kakamega,Kakamega,Kakamega,Mary Wanjiku,Referral,Nissan,Note,HATCHBACK,2026,petrol,automatic,silver,1,1283000,1000000,0.25,30000,70000,ASSET FINANCING,paid,completed,null,24,YES,null
ORD1262,null,1/6/2026,Hassan Mutua,N.G.O,41,Nairobi,Nairobi,Nairobi,Main,Faith Achieng,Walk-In,BMW,X5,SUV,2023,petrol,automatic,red,1,9721000,8010000,5%,21000,35000,M-PESA,partially paid,at the yard,null,36,NO,9255950
LCL1263,null,null,James Maina,Corporate,67,Eastern,Machakos,Athi River,Athi River,Mercy AtiEno,Referral,Mitsubishi,Canter,TRUCK,2020,diesel,manual,green,2,3670000,3025000,2%,152000,200000,BANK TRANSFER,cancelled,cancelled,3,14,NO,null
CAR1264,9/21/2025,null,Grace Kiptoo,Government,59,Rift Valley,Nakuru,Nakuru,Nakuru,Daniel Kimani,Facebook,Subaru,Outback,WAGON,2016,petrol,automatic,silver,1,3495000,3038000,10%,58000,56000,M-PESA,completed,in-transit,4,15,NO,3203500
LC1265,12/27/2025,2/1/2026,Linda Wafula,Car Dealer,63,Coast,Mombasa,Mombasa,Mombasa,Mary Wanjiku,Whatsapp,Subaru,Forester,SUV,2023,petrol,automatic,green,1,3240000,null,3%,0,172000,ASSET FINANCING,paid,delivered,2.1,42,NO,3313800
LCL1266,4/27/2025,5/4/2025,Mary Mutua,Corporate,22,Rift Valley,Nakuru,Nakuru,Nakuru,Samuel,Tender,Isuzu,N-Series,TRUCK,2016,petrol,manual,pearl,2,5963000,5364000,null,34000,null,CASH,cancelled,cancelled,2.1,23,NO,0
CAR1267,1/9/2026,null,Samuel Mugambi,N.G.O,34,Coast,Mombasa,Mombasa,Mombasa,Mary WanjiKu,Referral,Mitsubishi,Outlander,SUV,2024,diesel,automatic,pearl,1,3750000,3,3%,131000,160000,ASSET FINANCING,partially paid,at the yard,4.5,5,YES,null
LC1268,6/13/2025,null,James Njeri,Corporate,29,Rift Valley,Nakuru,Nakuru,Nakuru,Mercy Atieno,Tender,Nissan,Juke,CROSSOVER,2025,petrol,automatic,green,1,2114000,null,0.5,169000,107000,CASH,paid,completed,3,33,YES,1226000
ORD1269,null,null,Brian Kariuki,Corporate,null,Rift Valley,Nakuru,Nakuru,Nakuru,Aisha  Mohamed,Referral,Mercedes Benz,E250,SEDAN,2016,petrol,automatic,white,3,6140000,4722000,null,109000,123000,CASH,paid,delivered,3.3,21,NO,6249000
LCL1270,4/29/2025,null,Faith Njeri,N.G.O,40,Rift Valley,Uasin Gishu,Eldoret,Eldoret,Samuel Mutua,Facebook,Honda,Vezel Hybrid,CROSSOVER,2017,diesel,automatic,green,2,3017000,2683000,null,30000,57000,CHEQUE,partially paid,delivered,4.9,8,NO,null
LC1271,null,5/6/2026,Kevin Mohamed,N.G.O,29,Nyanza,Kisumu,Kisumu,Kisumu,Mercy Atieno,Referral,Mazda,CX5,SUV,2025,petrol,automatic,green,3,3673000,3088000,0.03,105000,110000,BANK TRANSFER,paid,delayed,4,21,NO,3667810
ORD1272,null,null,Winnie Kariuki,Government,42,Western,Kakamega,Kakamega,Kakamega,Mary Wanjiku,Instagram,Honda,CR-V,SUV,2025,petrol,automatic,green,1,null,3781000,10%,149000,126000,M-PESA,completed,done,4.8,42,NO,3941600
CAR1273,null,null,Brian Maina,N.G.O,52,Rift Valley,Uasin Gishu,Eldoret,Eldoret,Faith Achieng,Walk-In,Mazda,Demio,HATCHBACK,2023,diesel,automatic,pearl,1,1185000,948000,3%,141000,159000,M-PESA,paid,in-transit,4,null,NO,1290450
LCL1274,null,null,Mercy Kariuki,Corporate,44,Rift Valley,Uasin Gishu,Eldoret,Eldoret,Kevin,Instagram,Toyota,Prado Tx,SUV,2026,petrol,automatic,blue,2,7948000,6126000,7 %,87000,null,CHEQUE,pending,delivered,2.4,41,YES,14870000
LCL1275,6/19/2026,7/11/2026,Brian Mwangi,Individual,59,Central,Kiambu,Thika,Thika,Mercy Atieno,Instagram,Toyota,Hiace,VAN,2016,diesel,automatic,green,3,null,4489000,null,164000,null,M-PESA,refunded,delayed,4.7,24,YES,0
